P,Gender
P001,F
P002,F
P003,M
P004,M
P005,M
P006,M
P007,M
P008,M
P009,M
P010,M
P011,F
P012,F
P013,M
P014,M
P015,F
P016,F
P017,F
P018,F
P019,M
P020,M
P021,M
P022,F
P023,M
P024,F
P025,M
P026,F
P027,M
P028,F
P029,F
P030,M
P031,M
P032,F
P033,M
P034,M
P035,M
P036,F
P037,M
P038,F
P039,F
P040,M
P041,M
P042,M
P043,M
P044,M
P045,M
P046,M
P047,M
P048,M
P049,M
P050,F
P051,M
P052,M
P053,F
P054,M
P055,M
P056,F
P057,M
P058,M
P059,M
P060,M
P061,F
P062,M
P063,M
P064,M
P065,M
P066,M
P067,M
P068,M
P069,F
P070,F
P071,M
P072,M
P073,M
P074,M
P075,F
P076,M
P077,M
P078,F
P079,M
P080,M
P081,F
P082,F
P083,M
P084,M
P085,M
P086,M
P087,M
P088,M
P089,F
P090,F
P091,F
P092,F
P093,F
P094,F
P095,M
P096,M
P097,M
P098,M
P099,M
P100,M
P101,M
P102,F
P103,M
P104,M
P105,M
P106,M
